{"stats":{"minecraft:crafted":{"minecraft:acacia_planks":12,"minecraft:crafting_table":1},"minecraft:used":{"minecraft:dirt":8,"minecraft:crafting_table":1},"minecraft:mined":{"minecraft:grass":20,"minecraft:acacia_log":3,"minecraft:grass_block":3,"minecraft:acacia_leaves":2,"minecraft:dirt":5},"minecraft:custom":{"minecraft:time_since_rest":15820,"minecraft:sprint_one_cm":12943,"minecraft:play_time":15820,"minecraft:damage_taken":160,"minecraft:walk_one_cm":8787,"minecraft:jump":195,"minecraft:damage_dealt":55,"minecraft:leave_game":5,"minecraft:time_since_death":15820,"minecraft:total_world_time":15820,"minecraft:interact_with_crafting_table":3,"minecraft:fall_one_cm":8278,"minecraft:fly_one_cm":36764},"minecraft:picked_up":{"minecraft:wheat_seeds":4,"minecraft:acacia_log":3,"minecraft:dirt":8}},"DataVersion":3120}